Time,Depth(m),Pressure(Pa)
1.0,6.0,127672.28541705119
1.0,6.01,127885.03210196429
1.0,6.02,128097.77878246721
1.0,6.03,128310.52546376885
1.0,6.04,128523.27214602352
1.0,6.05,128736.0188240866
1.0,6.06,128948.76550616541
1.0,6.07,129161.51218691343
1.0,6.08,129374.25887116179
1.0,6.09,129587.00554765953
1.0,6.1,129799.7522307619
1.0,6.11,130012.49891323973
1.0,6.12,130225.24559145806
1.0,6.13,130437.99227492494
1.0,6.14,130650.73895584875
1.0,6.15,130863.48563705245
1.0,6.16,131076.23231527352
1.0,6.17,131288.97900022464
1.0,6.18,131501.7256772645
1.0,6.19,131714.47236001934
1.0,6.2,131927.21904288346
1.0,6.21,132139.9657227846
1.0,6.22,132352.7124042915
1.0,6.23,132565.45908306167
1.0,6.24,132778.2057673615
1.0,6.25,132990.95244474142
1.0,6.26,133203.6991275535
1.0,6.27,133416.44581019724
1.0,6.28,133629.19249026646
1.0,6.29,133841.93917151153
1.0,6.3,134054.68585074664
1.0,6.31,134267.43253451324
1.0,6.32,134480.17921243637
1.0,6.33,134692.92589529278
1.0,6.34,134905.67257588715
1.0,6.35,135118.41925775458
1.0,6.36,135331.16593849368
1.0,6.37,135543.91261804846
1.0,6.38,135756.65930133092
1.0,6.39,135969.40598097403
1.0,6.4,136182.15266199323
1.0,6.41,136394.8993438293
1.0,6.42,136607.64602500352
1.0,6.43,136820.39270637397
1.0,6.44,137033.13938752722
1.0,6.45,137245.88606706986
1.0,6.46,137458.63275006835
1.0,6.47,137671.37942906783
1.0,6.48,137884.12611051954
1.0,6.49,138096.87279173365
1.0,6.5,138309.6194734912
1.0,6.51,138522.36615384853
1.0,6.52,138735.11283556256
1.0,6.53,138947.85951605288
1.0,6.54,139160.6061970259
1.0,6.55,139373.35287950115
1.0,6.56,139586.09956101284
1.0,6.57,139798.84623959486
1.0,6.58,140011.5929213945
1.0,6.59,140224.3396036324
1.0,6.6,140437.08628224913
1.0,6.61,140649.83296445094
1.0,6.62,140862.57964721962
1.0,6.63,141075.32632779804
1.0,6.64,141288.0730077339
1.0,6.65,141500.81968996584
1.0,6.66,141713.56637108326
1.0,6.67,141926.3130510045
1.0,6.68,142139.05973337148
1.0,6.69,142351.80641482212
1.0,6.7,142564.55309717797
1.0,6.71,142777.299776374
1.0,6.72,142990.04645731763
1.0,6.73,143202.79313691592
1.0,6.74,143415.53981380232
1.0,6.75,143628.2864900644
1.0,6.76,143841.03316449342
1.0,6.77,144053.77983182986
1.0,6.78,144266.5264946463
1.0,6.79,144479.27314915205
1.0,6.8,144692.01979340374
1.0,6.81,144904.76642143002
1.0,6.82,145117.51304178394
1.0,6.83,145330.2596475386
1.0,6.84,145543.00623325928
1.0,6.85,145755.7528316458
1.0,6.86,145968.49943272801
1.0,6.87,146181.24608470168
1.0,6.88,146393.9928157808
1.0,6.89,146606.73980138285
1.0,6.9,146819.48709721514
1.0,6.91,147032.23487071754
1.0,6.92,147244.9837087411
1.0,6.93,147457.7337489566
1.0,6.94,147670.48658357072
1.0,6.95,147883.24150758082
1.0,6.96,148096.0108947708
1.0,6.97,148308.66926012686
1.0,6.98,148523.13775735404
1.0,6.99,148915.64708035946
1.0,7.0,197105.31713154478
1.0,7.01,197395.36047279392
1.0,7.02,197677.51649257864
1.0,7.03,197958.63143676202
1.0,7.04,198240.34032376646
1.0,7.05,198521.94070520953
1.0,7.06,198803.35924413556
1.0,7.07,199085.12152674125
1.0,7.08,199366.7399873025
1.0,7.09,199647.89736607292
1.0,7.1,199926.3723058444
1.0,7.11,151302.32918854896
1.0,7.12,151500.46073491275
1.0,7.13,151713.05674653218
1.0,7.14,151925.81302229987
1.0,7.15,152138.58584702824
1.0,7.16,152351.36429554303
1.0,7.17,152564.1463357468
1.0,7.18,152776.9304030238
1.0,7.19,152989.71633331894
1.0,7.2,153202.5028451853
1.0,7.21,153415.29002096
1.0,7.22,153628.07745975582
1.0,7.23,153840.86508109147
1.0,7.24,154053.65283173427
1.0,7.25,154266.44060193785
1.0,7.26,154479.22839696123
1.0,7.27,154692.01619468752
1.0,7.28,154904.80397351668
1.0,7.29,155117.59174021918
1.0,7.3,155330.37949115492
1.0,7.31,155543.1672310685
1.0,7.32,155755.95496019296
1.0,7.33,155968.7426814661
1.0,7.34,156181.53039701885
1.0,7.35,156394.3181083724
1.0,7.36,156607.10581658973
1.0,7.37,156819.89352279474
1.0,7.38,157032.6812277767
1.0,7.39,157245.46893186588
1.0,7.4,157458.2566355094
1.0,7.41,157671.04433887207
1.0,7.42,157883.8320421437
1.0,7.43,158096.6197453941
1.0,7.44,158309.4074486313
1.0,7.45,158522.19515190454
1.0,7.46,158734.9828552305
1.0,7.47,158947.77055859473
1.0,7.48,159160.5582619889
1.0,7.49,159373.34596541125
1.0,7.5,159586.1336688568
1.0,7.51,159798.92137231733
1.0,7.52,160011.70907578847
1.0,7.53,160224.49677926768
1.0,7.54,160437.2844827521
1.0,7.55,160650.0721862378
1.0,7.56,160862.859889725
1.0,7.57,161075.6475932138
1.0,7.58,161288.43529670234
1.0,7.59,161501.22300019002
1.0,7.6,161714.0107036778
1.0,7.61,161926.79840716626
1.0,7.62,162139.5861106537
1.0,7.63,162352.37381414117
1.0,7.64,162565.161517629
1.0,7.65,162777.9492211167
1.0,7.66,162990.73692460367
1.0,7.67,163203.5246280919
1.0,7.68,163416.31233158018
1.0,7.69,163629.1000350675
1.0,7.7,163841.88773855523
1.0,7.71,164054.6754420431
1.0,7.72,164267.46314553058
1.0,7.73,164480.25084901735
1.0,7.74,164693.0385525054
1.0,7.75,164905.8262559936
1.0,7.76,165118.61395948107
1.0,7.77,165331.40166296827
1.0,7.78,165544.189366456
1.0,7.79,165756.97706994385
1.0,7.8,165969.7647734307
1.0,7.81,166182.552476919
1.0,7.82,166395.34018040716
1.0,7.83,166608.12788389449
1.0,7.84,166820.91558738184
1.0,7.85,167033.70329086992
1.0,7.86,167246.49099435695
1.0,7.87,167459.27869784407
1.0,7.88,167672.06640133212
1.0,7.89,167884.85410482035
1.0,7.9,168097.64180830776
1.0,7.91,168310.42951179683
1.0,7.92,168523.21721528342
1.0,7.93,168736.00491877162
1.0,7.94,168948.79262225892
1.0,7.95,169161.58032574752
1.0,7.96,169374.36802923368
1.0,7.97,169587.15573272228
1.0,7.98,169799.94343620894
1.0,7.99,170012.7311396961
200.0,6.0,127372.5932773721
200.0,6.01,127584.89865872868
200.0,6.02,127797.20403880978
200.0,6.03,128009.50941912476
200.0,6.04,128221.81479971159
200.0,6.05,128434.12017908947
200.0,6.06,128646.42555962423
200.0,6.07,128858.73093977795
200.0,6.08,129071.03632093978
200.0,6.09,129283.34169986524
200.0,6.1,129495.64708070338
200.0,6.11,129707.95246135935
200.0,6.12,129920.25784078274
200.0,6.13,130132.56322171586
200.0,6.14,130344.86860191624
200.0,6.15,130557.17398220173
200.0,6.16,130769.47936162222
200.0,6.17,130981.78474299044
200.0,6.18,131194.09012207683
200.0,6.19,131406.3955028126
200.0,6.2,131618.70088357822
200.0,6.21,131831.00626349033
200.0,6.22,132043.31164386607
200.0,6.23,132255.61702344433
200.0,6.24,132467.92240461623
200.0,6.25,132680.22778380092
200.0,6.26,132892.53316455107
200.0,6.27,133104.83854525513
200.0,6.28,133317.14392521733
200.0,6.29,133529.44930551684
200.0,6.3,133741.75468523547
200.0,6.31,133954.06006626095
200.0,6.32,134166.36544559922
200.0,6.33,134378.67082636146
200.0,6.34,134590.97620647054
200.0,6.35,134803.2815869507
200.0,6.36,135015.5869670996
200.0,6.37,135227.89234690584
200.0,6.38,135440.19772779194
200.0,6.39,135652.5031076251
200.0,6.4,135864.80848785638
200.0,6.41,136077.1138683251
200.0,6.42,136289.41924860096
200.0,6.43,136501.72462893534
200.0,6.44,136714.0300092069
200.0,6.45,136926.33538901177
200.0,6.46,137138.6407698154
200.0,6.47,137350.94614946438
200.0,6.48,137563.2515298213
200.0,6.49,137775.55691011128
200.0,6.5,137987.86229055567
200.0,6.51,138200.16767059447
200.0,6.52,138412.47305102402
200.0,6.53,138624.77843110097
200.0,6.54,138837.08381132092
200.0,6.55,139049.38919197756
200.0,6.56,139261.69457235438
200.0,6.57,139473.99995188433
200.0,6.58,139686.30533234507
200.0,6.59,139898.61071292975
200.0,6.6,140110.91609247334
200.0,6.61,140323.22147306168
200.0,6.62,140535.52685381816
200.0,6.63,140747.83223394968
200.0,6.64,140960.13761390635
200.0,6.65,141172.44299453666
200.0,6.66,141384.74837485835
200.0,6.67,141597.05375484814
200.0,6.68,141809.35913555213
200.0,6.69,142021.66451599216
200.0,6.7,142233.9698966666
200.0,6.71,142446.27527638784
200.0,6.72,142658.58065649698
200.0,6.73,142870.8860360103
200.0,6.74,143083.19141443554
200.0,6.75,143295.49679216684
200.0,6.76,143507.80216851574
200.0,6.77,143720.10754160222
200.0,6.78,143932.4129118789
200.0,6.79,144144.7182772035
200.0,6.8,144357.02363676054
200.0,6.81,144569.3289871947
200.0,6.82,144781.6343320235
200.0,6.83,144993.93966730905
200.0,6.84,145206.2449907452
200.0,6.85,145418.55031709926
200.0,6.86,145630.8556418937
200.0,6.87,145843.16098931915
200.0,6.88,146055.466374595
200.0,6.89,146267.7718905801
200.0,6.9,146480.07757426897
200.0,6.91,146692.38347718975
200.0,6.92,146904.68977264452
200.0,6.93,147117.00361315996
200.0,6.94,147329.21421732078
200.0,6.95,147542.18773347902
200.0,6.96,147775.57747752394
200.0,6.97,148240.1383099939
200.0,6.98,149787.62031144928
200.0,6.99,156720.84270964598
200.0,7.0,196565.40216254827
200.0,7.01,196850.82069500108
200.0,7.02,197131.8281199676
200.0,7.03,197412.6582475388
200.0,7.04,197693.54534707288
200.0,7.05,197974.38672580617
200.0,7.06,198255.22056973164
200.0,7.07,198536.07821433162
200.0,7.08,198816.90820382038
200.0,7.09,199097.5927595512
200.0,7.1,199375.7745070454
200.0,7.11,159091.16353593834
200.0,7.12,152824.86944431218
200.0,7.13,151650.3412862334
200.0,7.14,151589.087459124
200.0,7.15,151787.21557272004
200.0,7.16,152000.19524487524
200.0,7.17,152212.5987031457
200.0,7.18,152424.9168723994
200.0,7.19,152637.24323987693
200.0,7.2,152849.5703919914
200.0,7.21,153061.89784366384
200.0,7.22,153274.22545099503
200.0,7.23,153486.55315597914
200.0,7.24,153698.88093093788
200.0,7.25,153911.20871585014
200.0,7.26,154123.5365136444
200.0,7.27,154335.86431256006
200.0,7.28,154548.19210075395
200.0,7.29,154760.51988204638
200.0,7.3,154972.8476544957
200.0,7.31,155185.17542079568
200.0,7.32,155397.5031810983
200.0,7.33,155609.83093703786
200.0,7.34,155822.15868980344
200.0,7.35,156034.48644024652
200.0,7.36,156246.81418895873
200.0,7.37,156459.14193656127
200.0,7.38,156671.4696834924
200.0,7.39,156883.7974299344
200.0,7.4,157096.12517613397
200.0,7.41,157308.45292218053
200.0,7.42,157520.78066817878
200.0,7.43,157733.10841416562
200.0,7.44,157945.43616014492
200.0,7.45,158157.76390614855
200.0,7.46,158370.09165218342
200.0,7.47,158582.41939823944
200.0,7.48,158794.7471443133
200.0,7.49,159007.074890403
200.0,7.5,159219.40263650543
200.0,7.51,159431.7303826161
200.0,7.52,159644.05812873243
200.0,7.53,159856.38587485274
200.0,7.54,160068.71362097596
200.0,7.55,160281.04136709968
200.0,7.56,160493.3691132238
200.0,7.57,160705.69685934883
200.0,7.58,160918.02460547365
200.0,7.59,161130.35235159786
200.0,7.6,161342.68009772242
200.0,7.61,161555.00784384727
200.0,7.62,161767.3355899715
200.0,7.63,161979.66333609575
200.0,7.64,162191.99108222045
200.0,7.65,162404.31882834452
200.0,7.66,162616.64657446867
200.0,7.67,162828.97432059346
200.0,7.68,163041.30206671823
200.0,7.69,163253.62981284238
200.0,7.7,163465.9575589666
200.0,7.71,163678.2853050914
200.0,7.72,163890.61305121557
200.0,7.73,164102.94079733943
200.0,7.74,164315.26854346463
200.0,7.75,164527.59628958913
200.0,7.76,164739.92403571343
200.0,7.77,164952.25178183778
200.0,7.78,165164.57952796182
200.0,7.79,165376.90727408638
200.0,7.8,165589.23502021027
200.0,7.81,165801.56276633518
200.0,7.82,166013.8905124605
200.0,7.83,166226.2182585843
200.0,7.84,166438.5460047087
200.0,7.85,166650.8737508333
200.0,7.86,166863.20149695707
200.0,7.87,167075.52924308105
200.0,7.88,167287.85698920584
200.0,7.89,167500.18473533096
200.0,7.9,167712.51248145534
200.0,7.91,167924.8402275805
200.0,7.92,168137.16797370417
200.0,7.93,168349.49571982908
200.0,7.94,168561.82346595335
200.0,7.95,168774.1512120784
200.0,7.96,168986.4789582017
200.0,7.97,169198.80670432697
200.0,7.98,169411.13445045057
200.0,7.99,169623.4621965745
2500.0,6.0,122336.89557937627
2500.0,6.01,122540.90481724564
2500.0,6.02,122744.91405509786
2500.0,6.03,122948.92329295665
2500.0,6.04,123152.93253081547
2500.0,6.05,123356.9417686607
2500.0,6.06,123560.9510065173
2500.0,6.07,123764.96024437207
2500.0,6.08,123968.96948223576
2500.0,6.09,124172.97872007702
2500.0,6.1,124376.98795794598
2500.0,6.11,124580.9971958104
2500.0,6.12,124785.00643365743
2500.0,6.13,124989.01567151501
2500.0,6.14,125193.02490936281
2500.0,6.15,125397.03414722174
2500.0,6.16,125601.04338506424
2500.0,6.17,125805.05262293614
2500.0,6.18,126009.06186078387
2500.0,6.19,126213.07109864881
2500.0,6.2,126417.08033650997
2500.0,6.21,126621.08957436326
2500.0,6.22,126825.09881222465
2500.0,6.23,127029.10805006805
2500.0,6.24,127233.1172879298
2500.0,6.25,127437.12652577781
2500.0,6.26,127641.13576364079
2500.0,6.27,127845.14500150483
2500.0,6.28,128049.1542393613
2500.0,6.29,128253.16347722165
2500.0,6.3,128457.17271507352
2500.0,6.31,128661.18195293937
2500.0,6.32,128865.19119078583
2500.0,6.33,129069.20042864777
2500.0,6.34,129273.2096665029
2500.0,6.35,129477.21890436621
2500.0,6.36,129681.22814221923
2500.0,6.37,129885.23738006817
2500.0,6.38,130089.24661793115
2500.0,6.39,130293.25585578138
2500.0,6.4,130497.2650936376
2500.0,6.41,130701.27433149706
2500.0,6.42,130905.28356935288
2500.0,6.43,131109.29280721222
2500.0,6.44,131313.3020450697
2500.0,6.45,131517.31128292007
2500.0,6.46,131721.32052078276
2500.0,6.47,131925.32975863357
2500.0,6.48,132129.33899649375
2500.0,6.49,132333.34823435315
2500.0,6.5,132537.35747221427
2500.0,6.51,132741.3667100662
2500.0,6.52,132945.3759479206
2500.0,6.53,133149.38518577392
2500.0,6.54,133353.39442363367
2500.0,6.55,133557.40366149988
2500.0,6.56,133761.41289936108
2500.0,6.57,133965.42213721058
2500.0,6.58,134169.43137507015
2500.0,6.59,134373.44061292644
2500.0,6.6,134577.44985077454
2500.0,6.61,134781.4590886408
2500.0,6.62,134985.46832650865
2500.0,6.63,135189.4775643733
2500.0,6.64,135393.4868022378
2500.0,6.65,135597.49604011193
2500.0,6.66,135801.50527798667
2500.0,6.67,136005.51451586222
2500.0,6.68,136209.52375375482
2500.0,6.69,136413.53299167985
2500.0,6.7,136617.54222978867
2500.0,6.71,136821.55146871315
2500.0,6.72,137025.56071137774
2500.0,6.73,137229.5699687727
2500.0,6.74,137433.5792833737
2500.0,6.75,137637.58879807714
2500.0,6.76,137841.59897839575
2500.0,6.77,138045.6112063771
2500.0,6.78,138249.6295128569
2500.0,6.79,138453.6646854201
2500.0,6.8,138657.74549639155
2500.0,6.81,138861.94706012277
2500.0,6.82,139066.45061007555
2500.0,6.83,139271.53941351123
2500.0,6.84,139478.00939380217
2500.0,6.85,139687.4212047606
2500.0,6.86,139902.39645238098
2500.0,6.87,140128.44982789428
2500.0,6.88,140374.0323298546
2500.0,6.89,140654.71729845315
2500.0,6.9,140991.73274948887
2500.0,6.91,141421.49629948166
2500.0,6.92,141999.53270419178
2500.0,6.93,142798.94132998915
2500.0,6.94,143926.041718691
2500.0,6.95,145545.69152933368
2500.0,6.96,147866.6009990775
2500.0,6.97,151185.3231192449
2500.0,6.98,155995.57247753584
2500.0,6.99,164129.20579738062
2500.0,7.0,187196.5872000978
2500.0,7.01,187466.4539958687
2500.0,7.02,187734.04194986564
2500.0,7.03,188001.58980100404
2500.0,7.04,188269.1562420136
2500.0,7.05,188536.71132985465
2500.0,7.06,188804.2653502388
2500.0,7.07,189071.82649834847
2500.0,7.08,189339.38362364637
2500.0,7.09,189606.91081141922
2500.0,7.1,189874.02396054292
2500.0,7.11,166724.51555105142
2500.0,7.12,159144.55981915063
2500.0,7.13,154713.7411353789
2500.0,7.14,151723.26248581213
2500.0,7.15,149782.14918857455
2500.0,7.16,148553.3253077873
2500.0,7.17,147796.49784830946
2500.0,7.18,147387.18384446742
2500.0,7.19,147185.75176776934
2500.0,7.2,147143.32032123077
2500.0,7.21,147201.90070558974
2500.0,7.22,147322.1702877859
2500.0,7.23,147479.07459841977
2500.0,7.24,147658.3664963651
2500.0,7.25,147849.92892631632
2500.0,7.26,148047.39209155232
2500.0,7.27,148248.3989752105
2500.0,7.28,148451.09094505536
2500.0,7.29,148654.53958210238
2500.0,7.3,148858.31784090592
2500.0,7.31,149062.2382226297
2500.0,7.32,149266.21595763305
2500.0,7.33,149470.21601444474
2500.0,7.34,149674.2242111003
2500.0,7.35,149878.23525982053
2500.0,7.36,150082.24722169305
2500.0,7.37,150286.25947100396
2500.0,7.38,150490.2718020062
2500.0,7.39,150694.28415614707
2500.0,7.4,150898.29651585064
2500.0,7.41,151102.30887681397
2500.0,7.42,151306.32123806252
2500.0,7.43,151510.3335993693
2500.0,7.44,151714.3459606854
2500.0,7.45,151918.35832200886
2500.0,7.46,152122.37068333913
2500.0,7.47,152326.38304467296
2500.0,7.48,152530.3954060098
2500.0,7.49,152734.40776734907
2500.0,7.5,152938.4201286905
2500.0,7.51,153142.43249003286
2500.0,7.52,153346.44485137606
2500.0,7.53,153550.45721271963
2500.0,7.54,153754.46957406422
2500.0,7.55,153958.48193540808
2500.0,7.56,154162.49429675232
2500.0,7.57,154366.506658097
2500.0,7.58,154570.51901944133
2500.0,7.59,154774.53138078516
2500.0,7.6,154978.54374213907
2500.0,7.61,155182.55610347007
2500.0,7.62,155386.56846481355
2500.0,7.63,155590.5808261614
2500.0,7.64,155794.5931875054
2500.0,7.65,155998.6055488496
2500.0,7.66,156202.61791019328
2500.0,7.67,156406.63027153787
2500.0,7.68,156610.6426328825
2500.0,7.69,156814.6549942268
2500.0,7.7,157018.66735557048
2500.0,7.71,157222.67971691498
2500.0,7.72,157426.6920782593
2500.0,7.73,157630.70443960305
2500.0,7.74,157834.7168009475
2500.0,7.75,158038.72916229238
2500.0,7.76,158242.74152363586
2500.0,7.77,158446.75388498002
2500.0,7.78,158650.7662463247
2500.0,7.79,158854.77860766853
2500.0,7.8,159058.79096901248
2500.0,7.81,159262.80333035727
2500.0,7.82,159466.81569170184
2500.0,7.83,159670.8280530458
2500.0,7.84,159874.84041438988
2500.0,7.85,160078.85277573398
2500.0,7.86,160282.86513707816
2500.0,7.87,160486.8774984215
2500.0,7.88,160690.88985976603
2500.0,7.89,160894.90222111114
2500.0,7.9,161098.914582455
2500.0,7.91,161302.92694380064
2500.0,7.92,161506.93930514358
2500.0,7.93,161710.9516664882
2500.0,7.94,161914.96402783247
2500.0,7.95,162118.97638917755
2500.0,7.96,162322.9887505206
2500.0,7.97,162527.00111186603
2500.0,7.98,162731.0134732087
2500.0,7.99,162935.02583455257
4500.0,6.0,114276.43441812859
4500.0,6.01,114467.02814519568
4500.0,6.02,114657.62187225577
4500.0,6.03,114848.21559932006
4500.0,6.04,115038.80932638196
4500.0,6.05,115229.40305343973
4500.0,6.06,115419.99678049146
4500.0,6.07,115610.59050755436
4500.0,6.08,115801.18423460866
4500.0,6.09,115991.77796166297
4500.0,6.1,116182.37168874811
4500.0,6.11,116372.96541581962
4500.0,6.12,116563.5591428799
4500.0,6.13,116754.15286993899
4500.0,6.14,116944.74659699638
4500.0,6.15,117135.34032405826
4500.0,6.16,117325.93405111332
4500.0,6.17,117516.52777817662
4500.0,6.18,117707.12150524129
4500.0,6.19,117897.71523230991
4500.0,6.2,118088.30895937727
4500.0,6.21,118278.90268644306
4500.0,6.22,118469.49641351079
4500.0,6.23,118660.09014056736
4500.0,6.24,118850.68386762917
4500.0,6.25,119041.27759469202
4500.0,6.26,119231.8713217569
4500.0,6.27,119422.4650488233
4500.0,6.28,119613.05877588817
4500.0,6.29,119803.65250295415
4500.0,6.3,119994.2462300168
4500.0,6.31,120184.83995708259
4500.0,6.32,120375.43368414318
4500.0,6.33,120566.02741120738
4500.0,6.34,120756.62113827027
4500.0,6.35,120947.21486533775
4500.0,6.36,121137.80859239811
4500.0,6.37,121328.40231945725
4500.0,6.38,121518.9960465213
4500.0,6.39,121709.58977358138
4500.0,6.4,121900.18350064405
4500.0,6.41,122090.77722770761
4500.0,6.42,122281.37095476939
4500.0,6.43,122471.96468183423
4500.0,6.44,122662.55840889805
4500.0,6.45,122853.15213595927
4500.0,6.46,123043.74586302604
4500.0,6.47,123234.33959009334
4500.0,6.48,123424.93331716803
4500.0,6.49,123615.52704424558
4500.0,6.5,123806.12077131777
4500.0,6.51,123996.71449837314
4500.0,6.52,124187.30822541617
4500.0,6.53,124377.90195246358
4500.0,6.54,124568.49567953339
4500.0,6.55,124759.08940661803
4500.0,6.56,124949.68313370642
4500.0,6.57,125140.27686080996
4500.0,6.58,125330.87058797732
4500.0,6.59,125521.46431533436
4500.0,6.6,125712.05804325122
4500.0,6.61,125902.65177271012
4500.0,6.62,126093.24550608548
4500.0,6.63,126283.83924976608
4500.0,6.64,126474.43301962511
4500.0,6.65,126665.0268538643
4500.0,6.66,126855.62083929067
4500.0,6.67,127046.21516905242
4500.0,6.68,127236.81027188807
4500.0,6.69,127427.40709932445
4500.0,6.7,127618.00772654144
4500.0,6.71,127808.61606596023
4500.0,6.72,127999.24018529907
4500.0,6.73,128189.89552983681
4500.0,6.74,128380.61191856852
4500.0,6.75,128571.4423258248
4500.0,6.76,128762.48305545456
4500.0,6.77,128953.90052516798
4500.0,6.78,129145.97993960725
4500.0,6.79,129339.19362219406
4500.0,6.8,129534.32277481006
4500.0,6.81,129732.66308843778
4500.0,6.82,129936.2185523948
4500.0,6.83,130147.06631547606
4500.0,6.84,130369.83022531317
4500.0,6.85,130610.92566819448
4500.0,6.86,130877.68714305197
4500.0,6.87,131182.86125647204
4500.0,6.88,131540.27990303544
4500.0,6.89,131972.0505786566
4500.0,6.9,132501.28055119296
4500.0,6.91,133162.95410147167
4500.0,6.92,134005.94199295
4500.0,6.93,135080.67521882802
4500.0,6.94,136462.71937849143
4500.0,6.95,138265.59140653163
4500.0,6.96,140628.949187529
4500.0,6.97,143737.92662922238
4500.0,6.98,147945.3357625542
4500.0,6.99,154571.19999899506
4500.0,7.0,172158.60182111742
4500.0,7.01,172406.42153447532
4500.0,7.02,172652.5334867097
4500.0,7.03,172898.61812181064
4500.0,7.04,173144.71583470827
4500.0,7.05,173390.80582460682
4500.0,7.06,173636.89513523492
4500.0,7.07,173882.98939473432
4500.0,7.08,174129.08115837682
4500.0,7.09,174375.15274679058
4500.0,7.1,174620.95654886155
4500.0,7.11,157055.72266625194
4500.0,7.12,150933.12365421234
4500.0,7.13,147100.67123276496
4500.0,7.14,144319.95689163962
4500.0,7.15,142319.85203277963
4500.0,7.16,140884.1734632437
4500.0,7.17,139846.189947655
4500.0,7.18,139128.94528013177
4500.0,7.19,138630.39888168382
4500.0,7.2,138317.03453020763
4500.0,7.21,138145.33568071315
4500.0,7.22,138076.7975166917
4500.0,7.23,138084.00331088857
4500.0,7.24,138149.47813001563
4500.0,7.25,138255.87530378473
4500.0,7.26,138388.6413213565
4500.0,7.27,138541.90511567696
4500.0,7.28,138708.89504847268
4500.0,7.29,138884.76210390404
4500.0,7.3,139066.31849293984
4500.0,7.31,139251.4901880232
4500.0,7.32,139438.8993197357
4500.0,7.33,139627.66468907305
4500.0,7.34,139817.2303841255
4500.0,7.35,140007.26332881846
4500.0,7.36,140197.5571747793
4500.0,7.37,140387.99463561218
4500.0,7.38,140578.508937516
4500.0,7.39,140769.06459787395
4500.0,7.4,140959.64087742835
4500.0,7.41,141150.22728884642
4500.0,7.42,141340.81863820093
4500.0,7.43,141531.41236252477
4500.0,7.44,141722.00719578774
4500.0,7.45,141912.60252725694
4500.0,7.46,142103.1980742817
4500.0,7.47,142293.7937118022
4500.0,7.48,142484.38938830583
4500.0,7.49,142674.98508060724
4500.0,7.5,142865.58077903627
4500.0,7.51,143056.1764797902
4500.0,7.52,143246.77218140045
4500.0,7.53,143437.3678833238
4500.0,7.54,143627.96358535736
4500.0,7.55,143818.55928742595
4500.0,7.56,144009.15498950597
4500.0,7.57,144199.75069159106
4500.0,7.58,144390.34639367642
4500.0,7.59,144580.9420957622
4500.0,7.6,144771.53779784765
4500.0,7.61,144962.13349993486
4500.0,7.62,145152.72920202088
4500.0,7.63,145343.32490410644
4500.0,7.64,145533.92060619267
4500.0,7.65,145724.51630827878
4500.0,7.66,145915.11201036425
4500.0,7.67,146105.70771245085
4500.0,7.68,146296.30341453757
4500.0,7.69,146486.89911662313
4500.0,7.7,146677.4948187092
4500.0,7.71,146868.09052079546
4500.0,7.72,147058.68622288143
4500.0,7.73,147249.28192496693
4500.0,7.74,147439.87762705347
4500.0,7.75,147630.47332914022
4500.0,7.76,147821.06903122563
4500.0,7.77,148011.66473331174
4500.0,7.78,148202.26043539806
4500.0,7.79,148392.85613748402
4500.0,7.8,148583.45183956972
4500.0,7.81,148774.04754165636
4500.0,7.82,148964.6432437429
4500.0,7.83,149155.238945829
4500.0,7.84,149345.8346479148
4500.0,7.85,149536.43035000077
4500.0,7.86,149727.02605208705
4500.0,7.87,149917.62175417208
4500.0,7.88,150108.21745625907
4500.0,7.89,150298.81315834553
4500.0,7.9,150489.40886043175
4500.0,7.91,150680.00456251853
4500.0,7.92,150870.60026460385
4500.0,7.93,151061.1959666904
4500.0,7.94,151251.79166877642
4500.0,7.95,151442.38737086355
4500.0,7.96,151632.98307294789
4500.0,7.97,151823.57877503548
4500.0,7.98,152014.17447712034
4500.0,7.99,152204.77017920607
7000.0,6.0,99220.83005579305
7000.0,6.01,99386.33428170708
7000.0,6.02,99551.83850761756
7000.0,6.03,99717.34273353186
7000.0,6.04,99882.84695944398
7000.0,6.05,100048.35118535493
7000.0,6.06,100213.8554112666
7000.0,6.07,100379.35963717787
7000.0,6.08,100544.86386308959
7000.0,6.09,100710.3680890025
7000.0,6.1,100875.87231491905
7000.0,6.11,101041.37654083595
7000.0,6.12,101206.88076674992
7000.0,6.13,101372.38499266183
7000.0,6.14,101537.88921857337
7000.0,6.15,101703.39344448806
7000.0,6.16,101868.89767039663
7000.0,6.17,102034.40189630978
7000.0,6.18,102199.90612222649
7000.0,6.19,102365.4103481436
7000.0,6.2,102530.9145740587
7000.0,6.21,102696.41879997401
7000.0,6.22,102861.92302589075
7000.0,6.23,103027.42725179884
7000.0,6.24,103192.93147770883
7000.0,6.25,103358.43570362375
7000.0,6.26,103523.93992953748
7000.0,6.27,103689.44415545266
7000.0,6.28,103854.94838136798
7000.0,6.29,104020.45260728372
7000.0,6.3,104185.95683319766
7000.0,6.31,104351.46105911178
7000.0,6.32,104516.96528502431
7000.0,6.33,104682.46951093743
7000.0,6.34,104847.97373685068
7000.0,6.35,105013.47796276749
7000.0,6.36,105178.9821886784
7000.0,6.37,105344.48641458874
7000.0,6.38,105509.99064050154
7000.0,6.39,105675.49486641289
7000.0,6.4,105840.99909232621
7000.0,6.41,106006.50331824049
7000.0,6.42,106172.00754415509
7000.0,6.43,106337.51177007522
7000.0,6.44,106503.0159960017
7000.0,6.45,106668.5202219427
7000.0,6.46,106834.02444792254
7000.0,6.47,106999.52867398715
7000.0,6.48,107165.03290024273
7000.0,6.49,107330.53712691423
7000.0,6.5,107496.04135448643
7000.0,6.51,107661.54558393078
7000.0,6.52,107827.04981723317
7000.0,6.53,107992.55405862654
7000.0,6.54,108158.05831631292
7000.0,6.55,108323.56260644023
7000.0,6.56,108489.06695945823
7000.0,6.57,108654.57143222686
7000.0,6.58,108820.07613282496
7000.0,6.59,108985.5812595268
7000.0,6.6,109151.08717304663
7000.0,6.61,109316.59450224868
7000.0,6.62,109482.10429573602
7000.0,6.63,109647.61846088705
7000.0,6.64,109813.14027974637
7000.0,6.65,109978.67508777276
7000.0,6.66,110144.23150529667
7000.0,6.67,110309.82325113505
7000.0,6.68,110475.47275904742
7000.0,6.69,110641.21605923309
7000.0,6.7,110807.11059531983
7000.0,6.71,110973.23556721713
7000.0,6.72,111139.71483657479
7000.0,6.73,111306.73371508406
7000.0,6.74,111474.56436660854
7000.0,6.75,111643.5825000995
7000.0,6.76,111814.32690635667
7000.0,6.77,111987.54803857655
7000.0,6.78,112164.27301834874
7000.0,6.79,112345.9004851307
7000.0,6.8,112534.31176948694
7000.0,6.81,112732.1207199299
7000.0,6.82,112942.65650525369
7000.0,6.83,113168.60319598639
7000.0,6.84,113415.955701919
7000.0,6.85,113691.92550145402
7000.0,6.86,114003.01948521158
7000.0,6.87,114360.49479625879
7000.0,6.88,114774.22309438197
7000.0,6.89,115260.46511148722
7000.0,6.9,115833.78265905888
7000.0,6.91,116515.86973405015
7000.0,6.92,117337.57827259533
7000.0,6.93,118326.03269567127
7000.0,6.94,119526.08081089874
7000.0,6.95,121005.26411109327
7000.0,6.96,122846.57541766748
7000.0,6.97,125155.78003537566
7000.0,6.98,128153.72263990046
7000.0,6.99,132663.18590903602
7000.0,7.0,144060.28255079832
7000.0,7.01,144267.33453620248
7000.0,7.02,144473.29598623345
7000.0,7.03,144679.23997568502
7000.0,7.04,144885.19172062818
7000.0,7.05,145091.13870906373
7000.0,7.06,145297.08522431148
7000.0,7.07,145503.034635669
7000.0,7.08,145708.982349079
7000.0,7.09,145914.91684821225
7000.0,7.1,146120.66013398033
7000.0,7.11,134825.2909848981
7000.0,7.12,130732.20295577009
7000.0,7.13,128071.56928130919
7000.0,7.14,126067.02681901465
7000.0,7.15,124551.25133033567
7000.0,7.16,123398.21948393056
7000.0,7.17,122506.00591848862
7000.0,7.18,121831.88565695084
7000.0,7.19,121314.97986972006
7000.0,7.2,120936.33655028073
7000.0,7.21,120672.42827376866
7000.0,7.22,120498.3795765456
7000.0,7.23,120396.68062213235
7000.0,7.24,120356.46066631623
7000.0,7.25,120364.21898551937
7000.0,7.26,120407.18044591341
7000.0,7.27,120480.79507117861
7000.0,7.28,120578.16382872566
7000.0,7.29,120693.48830371357
7000.0,7.3,120822.40903696345
7000.0,7.31,120961.55343682425
7000.0,7.32,121108.29577993059
7000.0,7.33,121260.60131384074
7000.0,7.34,121416.9308102706
7000.0,7.35,121576.16070017619
7000.0,7.36,121737.42169618972
7000.0,7.37,121900.08622699295
7000.0,7.38,122063.7137307529
7000.0,7.39,122228.00768209108
7000.0,7.4,122392.73826908071
7000.0,7.41,122557.75256262565
7000.0,7.42,122722.94986319827
7000.0,7.43,122888.26519512483
7000.0,7.44,123053.65539673378
7000.0,7.45,123219.09227088076
7000.0,7.46,123384.55727578484
7000.0,7.47,123550.03903861278
7000.0,7.48,123715.53096729922
7000.0,7.49,123881.02887198493
7000.0,7.5,124046.53020113676
7000.0,7.51,124212.03346182598
7000.0,7.52,124377.5378009128
7000.0,7.53,124543.0427407564
7000.0,7.54,124708.54800632694
7000.0,7.55,124874.05344625193
7000.0,7.56,125039.55897735238
7000.0,7.57,125205.06455509606
7000.0,7.58,125370.57015683073
7000.0,7.59,125536.07577067109
7000.0,7.6,125701.58139043457
7000.0,7.61,125867.08701308408
7000.0,7.62,126032.59263711977
7000.0,7.63,126198.09826179984
7000.0,7.64,126363.60388678519
7000.0,7.65,126529.10951190916
7000.0,7.66,126694.6151370953
7000.0,7.67,126860.12076230928
7000.0,7.68,127025.62638753575
7000.0,7.69,127191.13201276609
7000.0,7.7,127356.63763799837
7000.0,7.71,127522.14326323292
7000.0,7.72,127687.64888846638
7000.0,7.73,127853.1545137008
7000.0,7.74,128018.66013893508
7000.0,7.75,128184.16576416977
7000.0,7.76,128349.67138940422
7000.0,7.77,128515.17701463794
7000.0,7.78,128680.68263987283
7000.0,7.79,128846.18826510686
7000.0,7.8,129011.69389034079
7000.0,7.81,129177.19951557559
7000.0,7.82,129342.70514081015
7000.0,7.83,129508.21076604434
7000.0,7.84,129673.71639127846
7000.0,7.85,129839.22201651307
7000.0,7.86,130004.72764174671
7000.0,7.87,130170.23326698088
7000.0,7.88,130335.7388922155
7000.0,7.89,130501.24451745041
7000.0,7.9,130666.7501426848
7000.0,7.91,130832.25576791988
7000.0,7.92,130997.76139315315
7000.0,7.93,131163.2670183882
7000.0,7.94,131328.7726436221
7000.0,7.95,131494.27826885736
7000.0,7.96,131659.78389409024
7000.0,7.97,131825.28951932577
7000.0,7.98,131990.7951445589
7000.0,7.99,132156.30076979328
8250.0,6.0,91016.60267891346
8250.0,6.01,91168.43036883867
8250.0,6.02,91320.2580587614
8250.0,6.03,91472.08574868782
8250.0,6.04,91623.91343861257
8250.0,6.05,91775.74112853665
8250.0,6.06,91927.56881846428
8250.0,6.07,92079.39650838842
8250.0,6.08,92231.22419831526
8250.0,6.09,92383.0518882416
8250.0,6.1,92534.87957816261
8250.0,6.11,92686.70726808853
8250.0,6.12,92838.53495801393
8250.0,6.13,92990.36264793997
8250.0,6.14,93142.19033786692
8250.0,6.15,93294.01802779175
8250.0,6.16,93445.84571771615
8250.0,6.17,93597.67340764562
8250.0,6.18,93749.50109757269
8250.0,6.19,93901.32878750117
8250.0,6.2,94053.15647742666
8250.0,6.21,94204.98416735268
8250.0,6.22,94356.81185728051
8250.0,6.23,94508.63954720055
8250.0,6.24,94660.46723712218
8250.0,6.25,94812.29492704943
8250.0,6.26,94964.12261697494
8250.0,6.27,95115.95030690188
8250.0,6.28,95267.77799682922
8250.0,6.29,95419.60568675696
8250.0,6.3,95571.43337668326
8250.0,6.31,95723.26106660908
8250.0,6.32,95875.08875653421
8250.0,6.33,96026.91644645955
8250.0,6.34,96178.74413638558
8250.0,6.35,96330.57182631521
8250.0,6.36,96482.39951624058
8250.0,6.37,96634.22720616781
8250.0,6.38,96786.05489610173
8250.0,6.39,96937.88258604455
8250.0,6.4,97089.71027601168
8250.0,6.41,97241.53796602538
8250.0,6.42,97393.36565612658
8250.0,6.43,97545.19334642909
8250.0,6.44,97697.0210371204
8250.0,6.45,97848.84872857673
8250.0,6.46,98000.6764215367
8250.0,6.47,98152.50411740624
8250.0,6.48,98304.3318188547
8250.0,6.49,98456.1595306762
8250.0,6.5,98607.98726185565
8250.0,6.51,98759.8150280239
8250.0,6.52,98911.64285698612
8250.0,6.53,99063.47080141271
8250.0,6.54,99215.29894966759
8250.0,6.55,99367.12745315637
8250.0,6.56,99518.95656616522
8250.0,6.57,99670.78670838774
8250.0,6.58,99822.61859000378
8250.0,6.59,99974.45337247322
8250.0,6.6,100126.29294252861
8250.0,6.61,100278.14023739724
8250.0,6.62,100429.99967371684
8250.0,6.63,100581.87853738005
8250.0,6.64,100733.78821233989
8250.0,6.65,100885.74528917795
8250.0,6.66,101037.77423636083
8250.0,6.67,101189.91068275727
8250.0,6.68,101342.20830163792
8250.0,6.69,101494.74619503543
8250.0,6.7,101647.64001162109
8250.0,6.71,101801.03539664365
8250.0,6.72,101955.14407045212
8250.0,6.73,102110.26366675328
8250.0,6.74,102266.79875865842
8250.0,6.75,102425.27022404628
8250.0,6.76,102586.37593052765
8250.0,6.77,102751.03510138036
8250.0,6.78,102920.42937082727
8250.0,6.79,103096.08162876125
8250.0,6.8,103279.93354368798
8250.0,6.81,103474.55931740285
8250.0,6.82,103683.06561083854
8250.0,6.83,103907.6937015124
8250.0,6.84,104153.75395126504
8250.0,6.85,104427.35228773537
8250.0,6.86,104733.53700013104
8250.0,6.87,105081.26000080642
8250.0,6.88,105477.83662688278
8250.0,6.89,105935.62339589503
8250.0,6.9,106465.15197351704
8250.0,6.91,107082.22632457053
8250.0,6.92,107809.63029270274
8250.0,6.93,108666.38029004468
8250.0,6.94,109685.18660575575
8250.0,6.95,110915.50750930318
8250.0,6.96,112418.14190914019
8250.0,6.97,114269.60068098226
8250.0,6.98,116634.41792424422
8250.0,6.99,120124.27872010875
8250.0,7.0,128747.49611789895
8250.0,7.01,128932.39160887121
8250.0,7.02,129116.4680172276
8250.0,7.03,129300.53076874658
8250.0,7.04,129484.59903308234
8250.0,7.05,129668.66371544375
8250.0,7.06,129852.72798743259
8250.0,7.07,130036.79429686212
8250.0,7.08,130220.85914941787
8250.0,7.09,130404.91337850151
8250.0,7.1,130588.79960402392
8250.0,7.11,122096.29686229557
8250.0,7.12,118976.42939015791
8250.0,7.13,116923.4391557225
8250.0,7.14,115358.65645172783
8250.0,7.15,114158.05413902873
8250.0,7.16,113229.7792680196
8250.0,7.17,112498.38293743889
8250.0,7.18,111933.26612101457
8250.0,7.19,111489.81441236068
8250.0,7.2,111154.59416451686
8250.0,7.21,110911.13472320212
8250.0,7.22,110741.03785598636
8250.0,7.23,110631.52130333392
8250.0,7.24,110574.91153945701
8250.0,7.25,110560.83164365699
8250.0,7.26,110579.0605454236
8250.0,7.27,110626.36212299079
8250.0,7.28,110697.10753201872
8250.0,7.29,110786.35999512582
8250.0,7.3,110890.2752478315
8250.0,7.31,111005.75265317399
8250.0,7.32,111130.26802963654
8250.0,7.33,111261.75786759614
8250.0,7.34,111398.58823336307
8250.0,7.35,111539.49799813717
8250.0,7.36,111683.44831911079
8250.0,7.37,111829.63619974967
8250.0,7.38,111977.46812095908
8250.0,7.39,112126.5191717397
8250.0,7.4,112276.43124040602
8250.0,7.41,112426.9469067311
8250.0,7.42,112577.88328349886
8250.0,7.43,112729.11349063755
8250.0,7.44,112880.54630639398
8250.0,7.45,113032.1170619191
8250.0,7.46,113183.77871848992
8250.0,7.47,113335.49981238545
8250.0,7.48,113487.26046510998
8250.0,7.49,113639.04678651955
8250.0,7.5,113790.84939740905
8250.0,7.51,113942.66220257388
8250.0,7.52,114094.48134971457
8250.0,7.53,114246.30443263035
8250.0,7.54,114398.12990800294
8250.0,7.55,114549.95682816807
8250.0,7.56,114701.784598259
8250.0,7.57,114853.61286134583
8250.0,7.58,115005.44141172747
8250.0,7.59,115157.27012738907
8250.0,7.6,115309.09893530751
8250.0,7.61,115460.92779492144
8250.0,7.62,115612.75668300416
8250.0,7.63,115764.58558639912
8250.0,7.64,115916.41449816701
8250.0,7.65,116068.24341437055
8250.0,7.66,116220.0723329056
8250.0,7.67,116371.9012526283
8250.0,7.68,116523.7301729627
8250.0,7.69,116675.55909360362
8250.0,7.7,116827.388014396
8250.0,7.71,116979.21693526459
8250.0,7.72,117131.04585616945
8250.0,7.73,117282.87477709183
8250.0,7.74,117434.70369802306
8250.0,7.75,117586.53261895788
8250.0,7.76,117738.36153989434
8250.0,7.77,117890.19046083171
8250.0,7.78,118042.01938176923
8250.0,7.79,118193.84830270684
8250.0,7.8,118345.67722364425
8250.0,7.81,118497.50614458282
8250.0,7.82,118649.3350655208
8250.0,7.83,118801.16398645849
8250.0,7.84,118952.99290739618
8250.0,7.85,119104.82182833407
8250.0,7.86,119256.65074927224
8250.0,7.87,119408.47967020898
8250.0,7.88,119560.30859114742
8250.0,7.89,119712.13751208565
8250.0,7.9,119863.96643302351
8250.0,7.91,120015.79535396227
8250.0,7.92,120167.62427489928
8250.0,7.93,120319.45319583785
8250.0,7.94,120471.28211677553
8250.0,7.95,120623.11103771425
8250.0,7.96,120774.93995865062
8250.0,7.97,120926.76887958929
8250.0,7.98,121078.59780052668
8250.0,7.99,121230.42672146438
9000.0,6.0,86423.98536982565
9000.0,6.01,86568.15663495858
9000.0,6.02,86712.32790008614
9000.0,6.03,86856.49916521649
9000.0,6.04,87000.67043034085
9000.0,6.05,87144.84169546199
9000.0,6.06,87289.01296054135
9000.0,6.07,87433.18422567369
9000.0,6.08,87577.35549075821
9000.0,6.09,87721.52675586409
9000.0,6.1,87865.69802108002
9000.0,6.11,88009.86928623561
9000.0,6.12,88154.0405513606
9000.0,6.13,88298.21181646522
9000.0,6.14,88442.38308156843
9000.0,6.15,88586.55434668428
9000.0,6.16,88730.72561180395
9000.0,6.17,88874.89687692984
9000.0,6.18,89019.06814206453
9000.0,6.19,89163.23940719871
9000.0,6.2,89307.41067233155
9000.0,6.21,89451.581937465
9000.0,6.22,89595.7532025991
9000.0,6.23,89739.92446772524
9000.0,6.24,89884.0957328523
9000.0,6.25,90028.2669979847
9000.0,6.26,90172.43826311525
9000.0,6.27,90316.60952824708
9000.0,6.28,90460.78079337926
9000.0,6.29,90604.95205851189
9000.0,6.3,90749.12332364336
9000.0,6.31,90893.29458877453
9000.0,6.32,91037.46585390567
9000.0,6.33,91181.63711903803
9000.0,6.34,91325.80838417391
9000.0,6.35,91469.97964931888
9000.0,6.36,91614.15091446979
9000.0,6.37,91758.32217964545
9000.0,6.38,91902.49344487119
9000.0,6.39,92046.66471018804
9000.0,6.4,92190.83597570015
9000.0,6.41,92335.0072415738
9000.0,6.42,92479.17850808296
9000.0,6.43,92623.34977590798
9000.0,6.44,92767.52104610283
9000.0,6.45,92911.69232059257
9000.0,6.46,93055.86360293021
9000.0,6.47,93200.03489933434
9000.0,6.48,93344.2062209691
9000.0,6.49,93488.3775868017
9000.0,6.5,93632.54902962662
9000.0,6.51,93776.72060341651
9000.0,6.52,93920.8923975112
9000.0,6.53,94065.06457176269
9000.0,6.54,94209.2373776814
9000.0,6.55,94353.41121944504
9000.0,6.56,94497.58674083064
9000.0,6.57,94641.764944948
9000.0,6.58,94785.94744043509
9000.0,6.59,94930.1367207515
9000.0,6.6,95074.33663020938
9000.0,6.61,95218.55283998957
9000.0,6.62,95362.7934691291
9000.0,6.63,95507.07133880878
9000.0,6.64,95651.40560058098
9000.0,6.65,95795.82272294431
9000.0,6.66,95940.3601191485
9000.0,6.67,96085.0700737948
9000.0,6.68,96230.02837064635
9000.0,6.69,96375.34236769052
9000.0,6.7,96521.16263067423
9000.0,6.71,96667.67059339776
9000.0,6.72,96815.12131179532
9000.0,6.73,96963.86352968219
9000.0,6.74,97114.35408928146
9000.0,6.75,97267.16210639857
9000.0,6.76,97423.02514080735
9000.0,6.77,97582.89086270299
9000.0,6.78,97747.94217555753
9000.0,6.79,97919.66306071874
9000.0,6.8,98099.90302139733
9000.0,6.81,98291.05973209218
9000.0,6.82,98495.95464161262
9000.0,6.83,98716.48545006657
9000.0,6.84,98957.38717592563
9000.0,6.85,99223.9684344017
9000.0,6.86,99520.41203018375
9000.0,6.87,99854.28216279224
9000.0,6.88,100231.54708845899
9000.0,6.89,100662.42306861802
9000.0,6.9,101155.40603548569
9000.0,6.91,101723.33362248536
9000.0,6.92,102384.8467785218
9000.0,6.93,103155.10428850152
9000.0,6.94,104060.72399612455
9000.0,6.95,105142.06644142594
9000.0,6.96,106448.75792571189
9000.0,6.97,108042.83937102678
9000.0,6.98,110059.81887234616
9000.0,6.99,113002.95002364596
9000.0,7.0,120175.56065416052
9000.0,7.01,120348.06362839708
9000.0,7.02,120519.88847233371
9000.0,7.03,120691.70157479853
9000.0,7.04,120863.5190489411
9000.0,7.05,121035.33353299633
9000.0,7.06,121207.14763699863
9000.0,7.07,121378.96334285094
9000.0,7.08,121550.77770704287
9000.0,7.09,121722.5827471839
9000.0,7.1,121894.2310654265
9000.0,7.11,114866.50038306175
9000.0,7.12,112267.67488013708
9000.0,7.13,110547.45973921803
9000.0,7.14,109229.06841033854
9000.0,7.15,108210.65008840738
9000.0,7.16,107417.40304519823
9000.0,7.17,106787.39717940424
9000.0,7.18,106295.95094409943
9000.0,7.19,105906.61500637898
9000.0,7.2,105608.66983706517
9000.0,7.21,105388.98506375361
9000.0,7.22,105232.51111524098
9000.0,7.23,105128.86612551728
9000.0,7.24,105071.96727848239
9000.0,7.25,105053.18960821806
9000.0,7.26,105063.83742181733
9000.0,7.27,105101.3936271269
9000.0,7.28,105161.05820724562
9000.0,7.29,105238.5396353407
9000.0,7.3,105330.43685219351
9000.0,7.31,105433.96266524975
9000.0,7.32,105546.79680636221
9000.0,7.33,105666.9945583406
9000.0,7.34,105792.98542690181
9000.0,7.35,105923.52384464187
9000.0,7.36,106057.55260775634
9000.0,7.37,106194.2274430831
9000.0,7.38,106332.91016592222
9000.0,7.39,106473.13101115306
9000.0,7.4,106614.47735148994
9000.0,7.41,106756.64129949699
9000.0,7.42,106899.39639531763
9000.0,7.43,107042.5800718837
9000.0,7.44,107186.07110647751
9000.0,7.45,107329.78024285442
9000.0,7.46,107473.63924846327
9000.0,7.47,107617.60060137375
9000.0,7.48,107761.6331165224
9000.0,7.49,107905.71399103603
9000.0,7.5,108049.82704820424
9000.0,7.51,108193.9612479737
9000.0,7.52,108338.10928101727
9000.0,7.53,108482.26633915683
9000.0,7.54,108626.42918472117
9000.0,7.55,108770.59572547344
9000.0,7.56,108914.76456210564
9000.0,7.57,109058.93481005308
9000.0,7.58,109203.10592941305
9000.0,7.59,109347.2775813108
9000.0,7.6,109491.4495490974
9000.0,7.61,109635.62170564126
9000.0,7.62,109779.79397285242
9000.0,7.63,109923.9663037168
9000.0,7.64,110068.13867176932
9000.0,7.65,110212.31106092526
9000.0,7.66,110356.48346199568
9000.0,7.67,110500.65586958078
9000.0,7.68,110644.82828078323
9000.0,7.69,110789.00069394085
9000.0,7.7,110933.17310814065
9000.0,7.71,111077.3455229046
9000.0,7.72,111221.51793796339
9000.0,7.73,111365.69035317631
9000.0,7.74,111509.86276846749
9000.0,7.75,111654.03518379817
9000.0,7.76,111798.20759914909
9000.0,7.77,111942.38001450885
9000.0,7.78,112086.55242987435
9000.0,7.79,112230.7248452419
9000.0,7.8,112374.89726061028
9000.0,7.81,112519.0696759798
9000.0,7.82,112663.24209134995
9000.0,7.83,112807.41450671921
9000.0,7.84,112951.58692208874
9000.0,7.85,113095.75933745861
9000.0,7.86,113239.93175282837
9000.0,7.87,113384.10416819747
9000.0,7.88,113528.27658356754
9000.0,7.89,113672.44899893773
9000.0,7.9,113816.62141430733
9000.0,7.91,113960.7938296777
9000.0,7.92,114104.9662450469
9000.0,7.93,114249.13866041698
9000.0,7.94,114393.3110757866
9000.0,7.95,114537.48349115693
9000.0,7.96,114681.65590652553
9000.0,7.97,114825.82832189635
9000.0,7.98,114970.0007372652
9000.0,7.99,115114.17315263474
10500.0,6.0,78678.81831216089
10500.0,6.01,78810.07751333178
10500.0,6.02,78941.33671450058
10500.0,6.03,79072.59591567266
10500.0,6.04,79203.8551168427
10500.0,6.05,79335.11431801193
10500.0,6.06,79466.37351917964
10500.0,6.07,79597.63272034987
10500.0,6.08,79728.89192151747
10500.0,6.09,79860.15112268813
10500.0,6.1,79991.41032386576
10500.0,6.11,80122.66952503989
10500.0,6.12,80253.92872621166
10500.0,6.13,80385.18792737604
10500.0,6.14,80516.44712853817
10500.0,6.15,80647.70632971216
10500.0,6.16,80778.96553087779
10500.0,6.17,80910.22473204997
10500.0,6.18,81041.48393322546
10500.0,6.19,81172.74313439886
10500.0,6.2,81304.00233556837
10500.0,6.21,81435.26153673932
10500.0,6.22,81566.52073791302
10500.0,6.23,81697.77993908017
10500.0,6.24,81829.03914024851
10500.0,6.25,81960.29834142324
10500.0,6.26,82091.55754259674
10500.0,6.27,82222.81674377361
10500.0,6.28,82354.07594495485
10500.0,6.29,82485.33514614405
10500.0,6.3,82616.59434734595
10500.0,6.31,82747.85354857314
10500.0,6.32,82879.11274984723
10500.0,6.33,83010.37195120615
10500.0,6.34,83141.63115272984
10500.0,6.35,83272.89035454114
10500.0,6.36,83404.14955681101
10500.0,6.37,83535.40875999845
10500.0,6.38,83666.66796472608
10500.0,6.39,83797.92717203709
10500.0,6.4,83929.1863840918
10500.0,6.41,84060.44560403326
10500.0,6.42,84191.70483619743
10500.0,6.43,84322.96409091311
10500.0,6.44,84454.22338173898
10500.0,6.45,84585.48273088143
10500.0,6.46,84716.74217544193
10500.0,6.47,84848.00177337807
10500.0,6.48,84979.26161813365
10500.0,6.49,85110.52185216296
10500.0,6.5,85241.78269709426
10500.0,6.51,85373.04448378028
10500.0,6.52,85504.30770545045
10500.0,6.53,85635.5731763482
10500.0,6.54,85766.84204864035
10500.0,6.55,85898.11599160932
10500.0,6.56,86029.3974616107
10500.0,6.57,86160.6899559668
10500.0,6.58,86291.99863608333
10500.0,6.59,86423.33085432873
10500.0,6.6,86554.69706800203
10500.0,6.61,86686.11142625331
10500.0,6.62,86817.59265248071
10500.0,6.63,86949.16848249744
10500.0,6.64,87080.8775294825
10500.0,6.65,87212.76868796858
10500.0,6.66,87344.9066587813
10500.0,6.67,87477.37631990883
10500.0,6.68,87610.29344104315
10500.0,6.69,87743.81242813508
10500.0,6.7,87878.13571798804
10500.0,6.71,88013.49011998101
10500.0,6.72,88150.17879320582
10500.0,6.73,88288.59970101273
10500.0,6.74,88429.24424400886
10500.0,6.75,88572.69341690134
10500.0,6.76,88719.65979182694
10500.0,6.77,88871.02658023163
10500.0,6.78,89027.84680877015
10500.0,6.79,89191.38307879496
10500.0,6.8,89363.16232721735
10500.0,6.81,89545.09212339505
10500.0,6.82,89739.32937682657
10500.0,6.83,89947.11611982105
10500.0,6.84,90172.01295747189
10500.0,6.85,90417.81938068605
10500.0,6.86,90687.265311648
10500.0,6.87,90985.53305731431
10500.0,6.88,91316.47437968533
10500.0,6.89,91686.8336934958
10500.0,6.9,92101.98676316478
10500.0,6.91,92570.2061938474
10500.0,6.92,93103.65620976295
10500.0,6.93,93711.78724395699
10500.0,6.94,94411.83577082476
10500.0,6.95,95230.11388369428
10500.0,6.96,96199.00353036317
10500.0,6.97,97358.52322479362
10500.0,6.98,98798.65664955997
10500.0,6.99,100853.04466446734
10500.0,7.0,105719.81601843405
10500.0,7.01,105871.43504698436
10500.0,7.02,106022.59856266415
10500.0,7.03,106173.7533262923
10500.0,7.04,106324.9107016182
10500.0,7.05,106476.06600285102
10500.0,7.06,106627.22097243869
10500.0,7.07,106778.37687447346
10500.0,7.08,106929.53161604264
10500.0,7.09,107080.67907411042
10500.0,7.1,107231.68811310585
10500.0,7.11,102531.09379405725
10500.0,7.12,100778.219205444
10500.0,7.13,99608.46517015313
10500.0,7.14,98704.90124005465
10500.0,7.15,98000.25496893132
10500.0,7.16,97445.86928315327
10500.0,7.17,97000.92171157214
10500.0,7.18,96649.66116630845
10500.0,7.19,96368.26782395794
10500.0,7.2,96150.09602095054
10500.0,7.21,95986.94439770788
10500.0,7.22,95869.0106035409
10500.0,7.23,95789.61608136185
10500.0,7.24,95745.06585252754
10500.0,7.25,95729.6138909361
10500.0,7.26,95737.1868000639
10500.0,7.27,95766.38652870648
10500.0,7.28,95813.89281192471
10500.0,7.29,95876.64932332389
10500.0,7.3,95952.1564900013
10500.0,7.31,96038.33168763618
10500.0,7.32,96133.37206663989
10500.0,7.33,96235.70689485926
10500.0,7.34,96344.03275378316
10500.0,7.35,96457.26815779958
10500.0,7.36,96574.4497144709
10500.0,7.37,96694.76698962617
10500.0,7.38,96817.58746696172
10500.0,7.39,96942.42627343713
10500.0,7.4,97068.8269705173
10500.0,7.41,97196.42751398
10500.0,7.42,97324.94737766216
10500.0,7.43,97454.17401739738
10500.0,7.44,97583.93983999296
10500.0,7.45,97714.11405290286
10500.0,7.46,97844.5879560307
10500.0,7.47,97975.28091059277
10500.0,7.48,98106.13706959866
10500.0,7.49,98237.11247662573
10500.0,7.5,98368.1733616803
10500.0,7.51,98499.294846856
10500.0,7.52,98630.45923665745
10500.0,7.53,98761.65388424629
10500.0,7.54,98892.86963559454
10500.0,7.55,99024.10007998068
10500.0,7.56,99155.34046661595
10500.0,7.57,99286.58754276241
10500.0,7.58,99417.83913922285
10500.0,7.59,99549.0937698814
10500.0,7.6,99680.35037880589
10500.0,7.61,99811.60829364075
10500.0,7.62,99942.86705238966
10500.0,7.63,100074.12634967292
10500.0,7.64,100205.38599547205
10500.0,7.65,100336.64586126605
10500.0,7.66,100467.9058656845
10500.0,7.67,100599.16595474059
10500.0,7.68,100730.42609655033
10500.0,7.69,100861.68627025755
10500.0,7.7,100992.94646317157
10500.0,7.71,101124.20666776298
10500.0,7.72,101255.4668792691
10500.0,7.73,101386.72709487243
10500.0,7.74,101517.98731281693
10500.0,7.75,101649.24753213911
10500.0,7.76,101780.50775223848
10500.0,7.77,101911.76797277985
10500.0,7.78,102043.02819357367
10500.0,7.79,102174.28841450674
10500.0,7.8,102305.54863551755
10500.0,7.81,102436.8088565705
10500.0,7.82,102568.0690776464
10500.0,7.83,102699.32929873408
10500.0,7.84,102830.58951982822
10500.0,7.85,102961.84974092587
10500.0,7.86,103093.10996202541
10500.0,7.87,103224.37018312534
10500.0,7.88,103355.63040422667
10500.0,7.89,103486.89062532803
10500.0,7.9,103618.15084642943
10500.0,7.91,103749.41106753153
10500.0,7.92,103880.67128863203
10500.0,7.93,104011.93150973397
10500.0,7.94,104143.19173083533
10500.0,7.95,104274.45195193728
10500.0,7.96,104405.71217303773
10500.0,7.97,104536.97239414007
10500.0,7.98,104668.23261524057
10500.0,7.99,104799.492836342
12000.0,6.0,73166.70523299731
12000.0,6.01,73288.7761450207
12000.0,6.02,73410.84705704355
12000.0,6.03,73532.9179690697
12000.0,6.04,73654.9888810955
12000.0,6.05,73777.0597931214
12000.0,6.06,73899.13070516166
12000.0,6.07,74021.2016171844
12000.0,6.08,74143.27252922175
12000.0,6.09,74265.34344125466
12000.0,6.1,74387.41435325387
12000.0,6.11,74509.48526527446
12000.0,6.12,74631.55617730373
12000.0,6.13,74753.62708933647
12000.0,6.14,74875.69800136986
12000.0,6.15,74997.7689134008
12000.0,6.16,75119.83982542594
12000.0,6.17,75241.91073745275
12000.0,6.18,75363.98164948152
12000.0,6.19,75486.05256151049
12000.0,6.2,75608.12347353852
12000.0,6.21,75730.19438557004
12000.0,6.22,75852.26529760762
12000.0,6.23,75974.33620964641
12000.0,6.24,76096.40712170015
12000.0,6.25,76218.47803378387
12000.0,6.26,76340.54894590774
12000.0,6.27,76462.6198581071
12000.0,6.28,76584.69077043123
12000.0,6.29,76706.76168297126
12000.0,6.3,76828.83259587061
12000.0,6.31,76950.90350937258
12000.0,6.32,77072.97442385927
12000.0,6.33,77195.04533995347
12000.0,6.34,77317.11625883098
12000.0,6.35,77439.18718210487
12000.0,6.36,77561.25811184506
12000.0,6.37,77683.32905329368
12000.0,6.38,77805.40001253426
12000.0,6.39,77927.47099905829
12000.0,6.4,78049.54203098433
12000.0,6.41,78171.61313239399
12000.0,6.42,78293.68433193302
12000.0,6.43,78415.75569842692
12000.0,6.44,78537.82730993141
12000.0,6.45,78659.89928538894
12000.0,6.46,78781.97181043502
12000.0,6.47,78904.04515154149
12000.0,6.48,79026.11970611503
12000.0,6.49,79148.19603349348
12000.0,6.5,79270.27493855401
12000.0,6.51,79392.35754172316
12000.0,6.52,79514.44538620033
12000.0,6.53,79636.54088739792
12000.0,6.54,79758.64719614924
12000.0,6.55,79880.76852975947
12000.0,6.56,80002.91076545055
12000.0,6.57,80125.08172856226
12000.0,6.58,80247.2922955822
12000.0,6.59,80369.55701368113
12000.0,6.6,80491.8954064033
12000.0,6.61,80614.3321953853
12000.0,6.62,80736.89819011022
12000.0,6.63,80859.63717301626
12000.0,6.64,80982.60702057477
12000.0,6.65,81105.87607624503
12000.0,6.66,81229.53056565694
12000.0,6.67,81353.67862114005
12000.0,6.68,81478.46126944877
12000.0,6.69,81604.0587825774
12000.0,6.7,81730.69550807113
12000.0,6.71,81858.60852816912
12000.0,6.72,81988.10413587696
12000.0,6.73,82119.57376520909
12000.0,6.74,82253.47953834708
12000.0,6.75,82390.34665295335
12000.0,6.76,82530.79139081096
12000.0,6.77,82675.56025239552
12000.0,6.78,82825.51380666006
12000.0,6.79,82981.64619245428
12000.0,6.8,83145.14067755431
12000.0,6.81,83317.43178524918
12000.0,6.82,83500.09255429075
12000.0,6.83,83693.87646366176
12000.0,6.84,83901.38455126678
12000.0,6.85,84125.26170462024
12000.0,6.86,84367.23989549963
12000.0,6.87,84630.81268826273
12000.0,6.88,84918.44240376816
12000.0,6.89,85234.53401511343
12000.0,6.9,85582.46750857744
12000.0,6.91,85967.56698069761
12000.0,6.92,86397.75874527138
12000.0,6.93,86878.95205938157
12000.0,6.94,87422.34312668775
12000.0,6.95,88045.1649329655
12000.0,6.96,88768.67617606514
12000.0,6.97,89618.9169016405
12000.0,6.98,90656.03560124987
12000.0,6.99,92102.75361198423
12000.0,7.0,95432.62309815822
12000.0,7.01,95569.39214930467
12000.0,7.02,95705.85298474107
12000.0,7.03,95842.30706814518
12000.0,7.04,95978.7626414195
12000.0,7.05,96115.21673846828
12000.0,7.06,96251.67054013583
12000.0,7.07,96388.12485010402
12000.0,7.08,96524.57813234132
12000.0,7.09,96661.02552632475
12000.0,7.1,96797.34860509509
12000.0,7.11,93646.97963553741
12000.0,7.12,92471.81714214977
12000.0,7.13,91685.66993995119
12000.0,7.14,91076.5130105387
12000.0,7.15,90599.56552552884
12000.0,7.16,90222.91769434171
12000.0,7.17,89919.53666775487
12000.0,7.18,89679.30089646248
12000.0,7.19,89486.60709427837
12000.0,7.2,89337.33179280694
12000.0,7.21,89226.33861266234
12000.0,7.22,89147.26297610259
12000.0,7.23,89095.82076338054
12000.0,7.24,89069.80114871694
12000.0,7.25,89065.42207491062
12000.0,7.26,89078.49039935942
12000.0,7.27,89108.30315337692
12000.0,7.28,89152.61894008181
12000.0,7.29,89209.32939207868
12000.0,7.3,89276.6600380232
12000.0,7.31,89353.12877511395
12000.0,7.32,89437.40747442507
12000.0,7.33,89528.30551537301
12000.0,7.34,89624.81920080028
12000.0,7.35,89726.08474362202
12000.0,7.36,89831.30290063786
12000.0,7.37,89939.77423372705
12000.0,7.38,90050.94182285934
12000.0,7.39,90164.3677093554
12000.0,7.4,90279.61538688088
12000.0,7.41,90396.32153686378
12000.0,7.42,90514.19445039767
12000.0,7.43,90633.0040987883
12000.0,7.44,90752.5618065764
12000.0,7.45,90872.71416056668
12000.0,7.46,90993.32458341873
12000.0,7.47,91114.28696803469
12000.0,7.48,91235.52539996768
12000.0,7.49,91356.97660787628
12000.0,7.5,91478.58890121878
12000.0,7.51,91600.32200267342
12000.0,7.52,91722.14574829131
12000.0,7.53,91844.03716737151
12000.0,7.54,91965.9788131364
12000.0,7.55,92087.95771373424
12000.0,7.56,92209.96345559292
12000.0,7.57,92331.9884926151
12000.0,7.58,92454.02746117549
12000.0,7.59,92576.07644549424
12000.0,7.6,92698.1324280482
12000.0,7.61,92820.1933788263
12000.0,7.62,92942.25777737489
12000.0,7.63,93064.32454914134
12000.0,7.64,93186.39297572791
12000.0,7.65,93308.46253128874
12000.0,7.66,93430.53285732187
12000.0,7.67,93552.60369311948
12000.0,7.68,93674.6748743832
12000.0,7.69,93796.74628243015
12000.0,7.7,93918.81783940239
12000.0,7.71,94040.88949501244
12000.0,7.72,94162.96121447886
12000.0,7.73,94285.03297538785
12000.0,7.74,94407.1047622502
12000.0,7.75,94529.17656590798
12000.0,7.76,94651.24837998147
12000.0,7.77,94773.32020057904
12000.0,7.78,94895.39202527843
12000.0,7.79,95017.46385249577
12000.0,7.8,95139.53568126573
12000.0,7.81,95261.60751095641
12000.0,7.82,95383.67934121568
12000.0,7.83,95505.75117180611
12000.0,7.84,95627.82300259559
12000.0,7.85,95749.89483350323
12000.0,7.86,95871.96666447967
12000.0,7.87,95994.0384954961
12000.0,7.88,96116.11032653597
12000.0,7.89,96238.18215758877
12000.0,7.9,96360.25398864892
12000.0,7.91,96482.32581971356
12000.0,7.92,96604.39765077988
12000.0,7.93,96726.469481848
12000.0,7.94,96848.54131291655
12000.0,7.95,96970.61314398583
12000.0,7.96,97092.68497505455
12000.0,7.97,97214.75680612451
12000.0,7.98,97336.828637193
12000.0,7.99,97458.90046826239
14000.0,6.0,68776.30702685459
14000.0,6.01,68891.06205703718
14000.0,6.02,69005.81708721622
14000.0,6.03,69120.572117398
14000.0,6.04,69235.32714757725
14000.0,6.05,69350.08217775413
14000.0,6.06,69464.83720793187
14000.0,6.07,69579.59223810234
14000.0,6.08,69694.34726828
14000.0,6.09,69809.10229846793
14000.0,6.1,69923.85732866373
14000.0,6.11,70038.61235886149
14000.0,6.12,70153.36738905235
14000.0,6.13,70268.12241924046
14000.0,6.14,70382.8774494329
14000.0,6.15,70497.63247963243
14000.0,6.16,70612.38750983668
14000.0,6.17,70727.14254005818
14000.0,6.18,70841.89757032823
14000.0,6.19,70956.65260064967
14000.0,6.2,71071.40763105985
14000.0,6.21,71186.16266160639
14000.0,6.22,71300.9176923735
14000.0,6.23,71415.67272348265
14000.0,6.24,71530.42775514588
14000.0,6.25,71645.18278767228
14000.0,6.26,71759.93782152988
14000.0,6.27,71874.69285749436
14000.0,6.28,71989.44789663186
14000.0,6.29,72104.2029407381
14000.0,6.3,72218.95799233997
14000.0,6.31,72333.71305530172
14000.0,6.32,72448.46813509407
14000.0,6.33,72563.2232398495
14000.0,6.34,72677.97838370847
14000.0,6.35,72792.73358403385
14000.0,6.36,72907.48885995007
14000.0,6.37,73022.24426151474
14000.0,6.38,73136.99983696452
14000.0,6.39,73251.75565706592
14000.0,6.4,73366.51184843841
14000.0,6.41,73481.26856473685
14000.0,6.42,73596.02595967833
14000.0,6.43,73710.78442427276
14000.0,6.44,73825.54433303469
14000.0,6.45,73940.30622341155
14000.0,6.46,74055.07088595134
14000.0,6.47,74169.83936539195
14000.0,6.48,74284.61310889536
14000.0,6.49,74399.39400180467
14000.0,6.5,74514.18455940536
14000.0,6.51,74628.98806343187
14000.0,6.52,74743.80869063537
14000.0,6.53,74858.65270295485
14000.0,6.54,74973.52761881931
14000.0,6.55,75088.44272678698
14000.0,6.56,75203.41038095894
14000.0,6.57,75318.44598607
14000.0,6.58,75433.56979561748
14000.0,6.59,75548.80727895613
14000.0,6.6,75664.1908184601
14000.0,6.61,75779.75875884318
14000.0,6.62,75895.55611674702
14000.0,6.63,76011.64480339263
14000.0,6.64,76128.10271354424
14000.0,6.65,76245.01525742444
14000.0,6.66,76362.48548445452
14000.0,6.67,76480.63741199303
14000.0,6.68,76599.6260987154
14000.0,6.69,76719.64222038988
14000.0,6.7,76840.91083108872
14000.0,6.71,76963.65505712427
14000.0,6.72,77088.15524899842
14000.0,6.73,77214.76209047204
14000.0,6.74,77343.87116269872
14000.0,6.75,77475.91437251549
14000.0,6.76,77611.3751183385
14000.0,6.77,77750.82855598736
14000.0,6.78,77894.91614856986
14000.0,6.79,78044.3492238245
14000.0,6.8,78199.96681374482
14000.0,6.81,78362.75379777093
14000.0,6.82,78533.75521282575
14000.0,6.83,78713.33613438177
14000.0,6.84,78903.25666866281
14000.0,6.85,79105.20204543996
14000.0,6.86,79320.13890470938
14000.0,6.87,79550.2248444279
14000.0,6.88,79796.87847483408
14000.0,6.89,80062.72894538588
14000.0,6.9,80349.69891949187
14000.0,6.91,80660.93408740502
14000.0,6.92,81001.2107274529
14000.0,6.93,81373.918499305
14000.0,6.94,81785.8327127914
14000.0,6.95,82247.51374242506
14000.0,6.96,82772.06521856364
14000.0,6.97,83375.4301554279
14000.0,6.98,84095.55773405693
14000.0,6.99,85072.71547288391
14000.0,7.0,87240.31777635866
14000.0,7.01,87365.26942945133
14000.0,7.02,87490.02362087925
14000.0,7.03,87614.77264937795
14000.0,7.04,87739.52236910499
14000.0,7.05,87864.27106486556
14000.0,7.06,87989.01950087024
14000.0,7.07,88113.76814606671
14000.0,7.08,88238.51589124154
14000.0,7.09,88363.25890547415
14000.0,7.1,88487.89191206176
14000.0,7.11,86509.37198351313
14000.0,7.12,85780.28951891467
14000.0,7.13,85295.37698364464
14000.0,7.14,84920.8247886258
14000.0,7.15,84628.46190640335
14000.0,7.16,84398.58753979791
14000.0,7.17,84214.39397053194
14000.0,7.18,84069.80003184902
14000.0,7.19,83955.29999394098
14000.0,7.2,83868.53286224462
14000.0,7.21,83806.56247540451
14000.0,7.22,83765.58370040802
14000.0,7.23,83743.08456491117
14000.0,7.24,83737.90839229517
14000.0,7.25,83747.78230206337
14000.0,7.26,83770.0275959453
14000.0,7.27,83804.41975233877
14000.0,7.28,83849.58681190082
14000.0,7.29,83904.20804524045
14000.0,7.3,83967.1327801945
14000.0,7.31,84037.40865727802
14000.0,7.32,84114.14599180913
14000.0,7.33,84196.52403740876
14000.0,7.34,84283.84392517999
14000.0,7.35,84375.4798583957
14000.0,7.36,84470.82845228749
14000.0,7.37,84569.33983690066
14000.0,7.38,84670.56976493081
14000.0,7.39,84774.16260317566
14000.0,7.4,84879.7400739377
14000.0,7.41,84986.97104156224
14000.0,7.42,85095.58124170691
14000.0,7.43,85205.3460254415
14000.0,7.44,85316.07442511365
14000.0,7.45,85427.60533524895
14000.0,7.46,85539.78398229323
14000.0,7.47,85652.48475471763
14000.0,7.48,85765.61582200718
14000.0,7.49,85879.0960185079
14000.0,7.5,85992.85475254065
14000.0,7.51,86106.83396967789
14000.0,7.52,86220.98808140037
14000.0,7.53,86335.28007123744
14000.0,7.54,86449.6806935901
14000.0,7.55,86564.16690797021
14000.0,7.56,86678.71861326002
14000.0,7.57,86793.32046774168
14000.0,7.58,86907.96090294077
14000.0,7.59,87022.63095339137
14000.0,7.6,87137.32311177345
14000.0,7.61,87252.0320921875
14000.0,7.62,87366.75356912157
14000.0,7.63,87481.48429093152
14000.0,7.64,87596.22193457295
14000.0,7.65,87710.96466362572
14000.0,7.66,87825.71113675126
14000.0,7.67,87940.46028392334
14000.0,7.68,88055.21139320245
14000.0,7.69,88169.96389532121
14000.0,7.7,88284.71739053106
14000.0,7.71,88399.47159921157
14000.0,7.72,88514.22631054142
14000.0,7.73,88628.98137743949
14000.0,7.74,88743.7366872678
14000.0,7.75,88858.49216906578
14000.0,7.76,88973.24776741266
14000.0,7.77,89088.00344583846
14000.0,7.78,89202.75917945425
14000.0,7.79,89317.51495034383
14000.0,7.8,89432.27074655444
14000.0,7.81,89547.02655931788
14000.0,7.82,89661.7823833782
14000.0,7.83,89776.53821473526
14000.0,7.84,89891.29405092528
14000.0,7.85,90006.04989030947
14000.0,7.86,90120.80573176526
14000.0,7.87,90235.56157456062
14000.0,7.88,90350.31741820216
14000.0,7.89,90465.07326239353
14000.0,7.9,90579.82910693523
14000.0,7.91,90694.58495168987
14000.0,7.92,90809.3407965836
14000.0,7.93,90924.09664156345
14000.0,7.94,91038.85248659471
14000.0,7.95,91153.608331661
14000.0,7.96,91268.3641767454
14000.0,7.97,91383.12002184332
14000.0,7.98,91497.87586694768
14000.0,7.99,91612.63171205741
